new_resid,old_resid,old_insertion,old_chain
1,239,,A
2,240,,A
3,241,,A
4,242,,A
5,243,,A
6,244,,A
7,245,,A
8,246,,A
9,247,,A
10,248,,A
11,249,,A
12,250,,A
13,251,,A
14,252,,A
15,253,,A
16,254,,A
17,255,,A
18,256,,A
19,257,,A
20,258,,A
21,259,,A
22,260,,A
23,261,,A
24,262,,A
25,263,,A
26,264,,A
27,265,,A
28,266,,A
29,267,,A
30,268,,A
31,269,,A
32,270,,A
33,271,,A
34,272,,A
35,273,,A
36,274,,A
37,275,,A
38,276,,A
39,277,,A
40,278,,A
41,279,,A
42,280,,A
43,281,,A
44,282,,A
45,283,,A
46,284,,A
47,285,,A
48,286,,A
49,287,,A
50,288,,A
51,289,,A
52,290,,A
53,291,,A
54,292,,A
55,293,,A
56,294,,A
57,295,,A
58,296,,A
59,297,,A
60,298,,A
61,299,,A
62,300,,A
63,301,,A
64,302,,A
65,303,,A
66,304,,A
67,305,,A
68,306,,A
69,307,,A
70,308,,A
71,309,,A
72,310,,A
73,311,,A
74,312,,A
75,313,,A
76,314,,A
77,315,,A
78,316,,A
79,317,,A
80,318,,A
81,319,,A
82,320,,A
83,321,,A
84,322,,A
85,323,,A
86,324,,A
87,325,,A
88,326,,A
89,327,,A
90,328,,A
91,329,,A
92,330,,A
93,331,,A
94,332,,A
95,333,,A
96,334,,A
97,335,,A
98,336,,A
99,337,,A
100,338,,A
101,339,,A
102,340,,A
103,341,,A
104,342,,A
105,343,,A
106,344,,A
107,345,,A
108,346,,A
109,347,,A
110,348,,A
